2025-05-15T18:27:50.000Z,info,sample message
2025-05-15T18:27:50.000Z,info,sample message
2025-05-15T18:27:50.000Z,info,sample message
2025-05-15T18:27:50.000Z,info,sample message
2025-05-15T18:27:50.000Z,info,sample message
2025-05-15T18:27:50.000Z,info,sample message
2025-05-15T18:27:50.000Z,info,sample message
2025-05-15T18:27:50.000Z,info,sample message
2025-05-15T18:27:50.000Z,info,sample message
2025-05-15T18:27:50.000Z,info,sample message
2025-05-15T18:27:50.000Z,info,sample message
2025-05-15T18:27:50.000Z,info,sample message
2025-05-15T18:27:50.000Z,info,sample message
2025-05-15T18:27:50.000Z,info,sample message
2025-05-15T18:27:50.000Z,info,sample message
2025-05-15T18:27:50.000Z,info,sample message
2025-05-15T18:27:50.000Z,info,sample message
2025-05-15T18:27:50.000Z,info,sample message
2025-05-15T18:27:50.000Z,info,sample message
2025-05-15T18:27:50.000Z,info,sample message
